{
  "focal_length": 34.58,
  "camera_position": [27.03, 33.43, 0.6586],
  "camera_orientation": [63.358, -0.000012, -60],
  "sensor_size": [39.41, 22.0],
  "sensor_fit": "Vertical",
  "image_size": [1920, 1080],
  "extrinsic_matrix": [
    [1.40039599e+03, 0.00000000e+00, 9.59500000e+02],
    [0.00000000e+00, 1.69744968e+03, 5.39500000e+02],
    [0.00000000e+00, 0.00000000e+00, 1.00000000e+00]
  ],
  "intrinsic_matrix": [
    [0.50000000, -0.866025388, 2.16568594e-07, 7.06964881],
    [-0.388339549, -0.224208146, -0.893824995, 7.64868570],
    [0.774075210, 0.446912438, -0.448415965, 10.2263018]
  ]
}
